标签名,标签值,一级分类,二级分类,三级分类,四级分类
杰作,masterpiece,常规标签,画质,,
写实,realistic,常规标签,画质,,
提高质量,"HDR,UHD,8K",常规标签,画质,,
最佳质量,best quality,常规标签,画质,,
高分辨率,highres,常规标签,画质,,
超高分辨率,absurdres,常规标签,画质,,
超高清,ultra-highres,常规标签,画质,,
更多细节,Highly detailed,常规标签,画质,,
简单背景,simple background,常规标签,画质,,
模糊背景,blurry background,常规标签,画质,,
清晰背景,clear background,常规标签,画质,,
清晰细节,clear details,常规标签,画质,,
超精细绘画,ultra-fine painting,常规标签,画质,,
聚焦清晰,sharp focus,常规标签,画质,,
物理渲染,physically-based rendering,常规标签,画质,,
极详细刻画,extreme detail description,常规标签,画质,,
改善细节,Professional,常规标签,画质,,
添加鲜艳色彩,Vivid Colors,常规标签,画质,,
扫描,High resolution scan,常规标签,画质,,
基础负面,"low resolution,worst quality, low quality, normal quality, lowres,jpeg, cropped, bad composition, artifacts bad proportions, error, inaccurate limb, bad anatomy, bad, ugly, terrible, extra fingers, fewer fingers, missing fingers, extra arms, extra legs, inaccurate eyes,extra digit, fewer digits, trademark, artist's name, username, watermarksignature, watermark,text, words",常规标签,负面标签,,
低分辨率,lowres,常规标签,负面标签,,
NSFW,nsfw,常规标签,负面标签,,
变异手指,mutated hands and fingers,常规标签,负面标签,,
畸形的,deformed,常规标签,负面标签,,
解剖不良,bad anatomy,常规标签,负面标签,,
毁容,disfigured,常规标签,负面标签,,
脸不好,poorly drawn face,常规标签,负面标签,,
变异的,mutated,常规标签,负面标签,,
多余肢体,extra limb,常规标签,负面标签,,
丑陋,ugly,常规标签,负面标签,,
手画得差,poorly drawn hands,常规标签,负面标签,,
缺少的肢体,missing limb,常规标签,负面标签,,
漂浮的四肢,floating limbs,常规标签,负面标签,,
肢体不连贯,disconnected limbs,常规标签,负面标签,,
畸形的手,malformed hands,常规标签,负面标签,,
脱离焦点,out of focus,常规标签,负面标签,,
长颈,long neck,常规标签,负面标签,,
身体长,long body,常规标签,负面标签,,
张嘴,gape,常规标签,负面标签,,
相机设置,"(EOS R8,50mm,F1.2,8K,RAW photo",常规标签,摄影,,
散景,Bokeh,常规标签,摄影,,
景深,depth of field,常规标签,摄影,,
广角,wide angle,常规标签,摄影,,
微距,macro,常规标签,摄影,,
大光圈,wide aperture,常规标签,摄影,,
演播室灯光,Studio lighting,常规标签,光影,,
电影光效,cinematic_lighting,常规标签,光影,,
镜头光晕,lens_flare,常规标签,光影,,
光追,reality_ray_tracing,常规标签,光影,,
正面光,frontlight,常规标签,光影,,
侧面光,sidelight,常规标签,光影,,
背光,backlight,常规标签,光影,,
逆光,backlighting,常规标签,光影,,
边缘光,rim_light,常规标签,光影,,
强边缘光,strong_rim_light,常规标签,光影,,
自上而下的光线,god_rays,常规标签,光影,,
明亮的射线光束,light_rays,常规标签,光影,,
环境光,ambient_light,常规标签,光影,,
轮廓光,rim light,常规标签,光影,,
体积光,Volumetric Lighting,常规标签,光影,,
霓虹灯,glowing neon lights,常规标签,光影,,
透镜光晕,lens flare,常规标签,光影,,
金属光泽,metallic luster,常规标签,光影,,
氛围光照,moody lighting,常规标签,光影,,
丁达尔效应,Tyndall effect,常规标签,光影,,
漏光光效,light leaks,常规标签,光影,,
背景光,background light,常规标签,光影,,
自然光,available light,常规标签,光影,,
全身,full body,常规标签,构图,,
半身像,portrait,常规标签,构图,,
上半身,upper body,常规标签,构图,,
正面视角,front view,常规标签,构图,,
侧面视角,from_side,常规标签,构图,,
从上方往下看,from_above,常规标签,构图,,
从下方往上看,from_below,常规标签,构图,,
左侧,left side view,常规标签,构图,,
右侧,right side view,常规标签,构图,,
动态角度,dynamic angle,常规标签,构图,,
倾斜视角,dutch angle,常规标签,构图,,
特写,close-up,常规标签,构图,,
微距,macro_shot,常规标签,构图,,
近景,selfie,常规标签,构图,,
中景, medium view,常规标签,构图,,
中长镜头,medium long shot,常规标签,构图,,
远景,wide shot,常规标签,构图,,
全景,panorama,常规标签,构图,,
近拍,close shot,常规标签,构图,,
俯视,vertical view,常规标签,构图,,
鸟瞰,bird's-eye view,常规标签,构图,,
鱼眼镜头,fisheye,常规标签,构图,,
多视角分解,multiple_views,常规标签,构图,,
裙底视角,phone_screen,常规标签,构图,,
动漫,Anime,艺术题材,表现形式,,
Q版,Chibi,艺术题材,表现形式,,
摄影,Photographic,艺术题材,表现形式,,
数字艺术,Digital Art,艺术题材,表现形式,,
连环漫画,Comic Book,艺术题材,表现形式,,
四格漫画,4koma,艺术题材,表现形式,,
幻想艺术,Fantasy Art,艺术题材,表现形式,,
素描,Sketch,艺术题材,绘画技法,,
漫画,Comic,艺术题材,绘画技法,,
厚涂,Impasto,艺术题材,绘画技法,,
油画,Oil Painting,艺术题材,绘画技法,,
水彩,Watercolor,艺术题材,绘画技法,,
国风水墨,Chinese Monochrome Ink,艺术题材,绘画技法,,
剪影,Silhouette,艺术题材,绘画技法,,
马克笔,Marker,艺术题材,绘画技法,,
超写实,Photorealism,艺术题材,绘画技法,,
像素艺术,Pixel Art,艺术题材,技术风格,,
低多边形,Low Poly,艺术题材,技术风格,,
等距艺术,Isometric,艺术题材,技术风格,,
线条艺术,Line Art,艺术题材,技术风格,,
故障艺术,Glitch Art,艺术题材,技术风格,,
气泡艺术,Bubble Art,艺术题材,技术风格,,
玻璃拟态,Glassmorphism,艺术题材,技术风格,,
新拟物风格,Neumorphism,艺术题材,技术风格,,
3D插画,3D Graphics,艺术题材,技术风格,,
宫崎骏风格,Hayao Miyazaki Style,艺术题材,艺术家风格,,
蒂姆伯顿风格,Tim Burton Style,艺术题材,艺术家风格,,
赛博朋克,Cyberpunk,艺术题材,艺术流派,,
霓虹朋克,Neon Punk,艺术题材,艺术流派,,
蒸汽波,Vaporwave,艺术题材,艺术流派,,
迷幻艺术,Psychedelia Art,艺术题材,艺术流派,,
酸性风格,Acid Graphics,艺术题材,艺术流派,,
极简主义,Minimalism,艺术题材,艺术流派,,
构成主义,Constructivism,艺术题材,艺术流派,,
孟菲斯风格,Memphis,艺术题材,艺术流派,,
胶片滤镜,Analog Film,艺术题材,媒介与效果,,
电影质感,Cinematic,艺术题材,媒介与效果,,
胶片电影,Celluloid,艺术题材,媒介与效果,,
复古风格,Retro Style,艺术题材,媒介与效果,,
杂志封面,Magazine Cover,艺术题材,载体与应用,,
海报,Poster,艺术题材,载体与应用,,
拍立得,Polaroid,艺术题材,载体与应用,,
公主,princess,人物类,人设,职业,
舞者,dancer,人物类,人设,职业,
啦啦队,cheerleader,人物类,人设,职业,
芭蕾舞女演员,ballerina,人物类,人设,职业,
体操队队长,gym leader,人物类,人设,职业,
女服务员,waitress,人物类,人设,职业,
和风女仆,wa maid,人物类,人设,职业,
女仆,maid,人物类,人设,职业,
偶像,idol,人物类,人设,职业,
弓道,kyuudou,人物类,人设,职业,
女武神,valkyrie,人物类,人设,职业,
办公室小姐,office lady,人物类,人设,职业,
赛车女郎,race queen,人物类,人设,职业,
魔女,Witch,人物类,人设,职业,
巫女,miko,人物类,人设,职业,
修女,nun,人物类,人设,职业,
牧师,priest,人物类,人设,职业,
神职人员(基督教),cleric,人物类,人设,职业,
忍者,ninja,人物类,人设,职业,
女警,policewoman,人物类,人设,职业,
警察,police,人物类,人设,职业,
医生,doctor,人物类,人设,职业,
护士,nurse,人物类,人设,职业,
眼镜娘,glasses,人物类,人设,职业,
狐狸精,kitsune,人物类,人设,职业,
公交车,public use,人物类,人设,职业,
女王(SM中),dominatrix,人物类,人设,职业,
机娘,mecha musume,人物类,人设,职业,
另一种机娘,gynoid,人物类,人设,职业,
类人机器人,humanoid robot,人物类,人设,职业,
半机械人,cyborg,人物类,人设,职业,
单人,solo,人物类,人设,性别/年龄,
女人,female,人物类,人设,性别/年龄,
男人,male,人物类,人设,性别/年龄,
性转,genderswap,人物类,人设,性别/年龄,
扶她,futanari,人物类,人设,性别/年龄,
伪娘,otoko no ko,人物类,人设,性别/年龄,
儿童,child,人物类,人设,性别/年龄,
未成年,underage,人物类,人设,性别/年龄,
年轻,young,人物类,人设,性别/年龄,
熟女,mature female,人物类,人设,性别/年龄,
老年,old,人物类,人设,性别/年龄,
胸,chest,人物类,人设,胸部,
胸肌,pectorals,人物类,人设,胸部,
大胸肌,large pectorals,人物类,人设,胸部,
小胸部(B,small breasts,人物类,人设,胸部,
中等胸部(C,medium breasts,人物类,人设,胸部,
大胸部(D,big breasts,人物类,人设,胸部,
巨乳(E,huge breasts,人物类,人设,胸部,
魔乳(F,gigantic breasts,人物类,人设,胸部,
未扣扣子,unbuttoned clothes,人物类,人设,胸部,
瓜子脸,heart-shaped face,人物类,人设,脸型,
鹅蛋脸,oval face,人物类,人设,脸型,
国字脸,square face,人物类,人设,脸型,
可爱脸,cute face,人物类,人设,脸型,
菱形脸,rhomboid face,人物类,人设,脸型,
圆脸,round face,人物类,人设,脸型,
长脸,long face,人物类,人设,脸型,
瘦脸,Thin face,人物类,人设,脸型,
平脸,Flat face,人物类,人设,脸型,
柔和的脸,Soft face,人物类,人设,脸型,
棱角分明的脸,Angular face,人物类,人设,脸型,
蒜头鼻,pug nose,人物类,人设,鼻子,
肉鼻子,dumpy nose,人物类,人设,鼻子,
朝天鼻,upturned nose,人物类,人设,鼻子,
扁鼻,flat nose,人物类,人设,鼻子,
鹰勾鼻,aquliline nose,人物类,人设,鼻子,
罗马鼻,Roman nose,人物类,人设,鼻子,
翘鼻,Snub nose,人物类,人设,鼻子,
长鼻,Long nose,人物类,人设,鼻子,
短鼻,Short nose,人物类,人设,鼻子,
樱桃小嘴,Cupid mouth,人物类,人设,嘴巴,
心形嘴,Heart-shaped mouth,人物类,人设,嘴巴,
薄唇,Thin mouth,人物类,人设,嘴巴,
丰唇,Full lips,人物类,人设,嘴巴,
嘟嘴,Pouty lips,人物类,人设,嘴巴,
方唇,Square lips,人物类,人设,嘴巴,
上扬唇,Up-turned lips,人物类,人设,嘴巴,
下撇唇,Down-turned lips,人物类,人设,嘴巴,
有光泽的皮肤,shiny skin,人物类,人设,皮肤,
苍白皮肤,pale skin,人物类,人设,皮肤,
白皙皮肤,white skin,人物类,人设,皮肤,
棕色皮肤,brown skin,人物类,人设,皮肤,
深色皮肤,deep skin,人物类,人设,皮肤,
偏黑皮肤,black skin,人物类,人设,皮肤,
晒日线,tan lines,人物类,人设,皮肤,
泳装晒痕,pang,人物类,人设,皮肤,
如白色大理石般有光泽的肌肤,white marble glowing skin,人物类,人设,皮肤,
模特,model,人物类,人设,体型,
苗条,slender,人物类,人设,体型,
诱惑,glamor,人物类,人设,体型,
丰满,plump,人物类,人设,体型,
肥胖,fat,人物类,人设,体型,
高大,tall,人物类,人设,体型,
纤弱,petite,人物类,人设,体型,
肌肉,muscular,人物类,人设,体型,
细腰,narrow waist,人物类,人设,体型,
宽臀,wide hips,人物类,人设,体型,
浓眉,thick  eyebrows,人物类,人设,眉毛,
眉毛翘起,cocked  eyebrow,人物类,人设,眉毛,
短眉毛,short  eyebrows,人物类,人设,眉毛,
V字眉,v-shaped  eyebrows,人物类,人设,眉毛,
剑眉,dashing eyebrows,人物类,人设,眉毛,
一字眉,straight united eyebrows ,人物类,人设,眉毛,
柳叶眉,arched eyebrows,人物类,人设,眉毛,
新月眉,crescent eyebrows,人物类,人设,眉毛,
描画过的眉毛,pencilled eyebrows ,人物类,人设,眉毛,
浓密而粗短的眉毛,bushy and stubby eyebrows,人物类,人设,眉毛,
绿头发,green hair,人物类,人设,头发,颜色
粉色头发,pink hair,人物类,人设,头发,颜色
红头发,red hair,人物类,人设,头发,颜色
铂金色头发,platinum blonde hair,人物类,人设,头发,颜色
青色头发,azure hair,人物类,人设,头发,颜色
水蓝色头发,aqua hair,人物类,人设,头发,颜色
红宝石色头发,ruby hair,人物类,人设,头发,颜色
两色头发,two-tone hair,人物类,人设,头发,颜色
多色的头发,multicolored hair,人物类,人设,头发,颜色
渐变头发,gradient hair,人物类,人设,头发,颜色
分色头发,split-color hair,人物类,人设,头发,颜色
彩虹头发,rainbow hair,人物类,人设,头发,颜色
长发,long hair,人物类,人设,头发,长度
很短的头发,very short hair,人物类,人设,头发,长度
短发,short hair,人物类,人设,头发,长度
后短发，前长发,short hair with long locks,人物类,人设,头发,长度
中等头发,medium hair,人物类,人设,头发,长度
很长的头发,very long hair,人物类,人设,头发,长度
超级长的头发,absurdly long hair,人物类,人设,头发,长度
马尾,ponytail,人物类,人设,头发,马尾
双马尾,twintails,人物类,人设,头发,马尾
高双马尾,canonicals,人物类,人设,头发,马尾
低双马尾,low twintails,人物类,人设,头发,马尾
披肩单马尾,one side up,人物类,人设,头发,马尾
披肩双马尾,two side up,人物类,人设,头发,马尾
短马尾,short ponytail,人物类,人设,头发,马尾
侧马尾,side ponytail,人物类,人设,头发,马尾
辫子,braid,人物类,人设,头发,辫子
法式辫子,french braid,人物类,人设,头发,辫子
辫子头发,braiding hair,人物类,人设,头发,辫子
双辫子,twin braids,人物类,人设,头发,辫子
三股辫,braid,人物类,人设,头发,辫子
短辫子,short braid,人物类,人设,头发,辫子
长辫子,long braid,人物类,人设,头发,辫子
辫子刘海,braided bangs,人物类,人设,头发,辫子
辫式发髻,braided bun,人物类,人设,头发,辫子
麻花辫马尾,braided ponytail,人物类,人设,头发,辫子
法式冠编发,crown braid,人物类,人设,头发,辫子
多股(麻花)辫,multiple braids,人物类,人设,头发,辫子
披在一侧的单条辫,side braid,人物类,人设,头发,辫子
披在两侧的两条辫,side braids,人物类,人设,头发,辫子
单股辫,single braid,人物类,人设,头发,辫子
两条辫子,twin braids,人物类,人设,头发,辫子
进气口发型,hair intakes,人物类,人设,头发,刘海
发瓣,hair flaps,人物类,人设,头发,刘海
刘海,bangs,人物类,人设,头发,刘海
空气刘海,air bangs,人物类,人设,头发,刘海
齐刘海,blunt bangs,人物类,人设,头发,刘海
侧面空气刘海,side blunt bangs,人物类,人设,头发,刘海
中分刘海,parted bangs,人物类,人设,头发,刘海
斜刘海,swept bangs,人物类,人设,头发,刘海
不对称刘海,asymmetric bangs,人物类,人设,头发,刘海
眼睛之间的头发,hair between eyes,人物类,人设,头发,其他
头发覆盖一只眼,hair over one eye,人物类,人设,头发,其他
头发遮住眉毛,hair over one eyebrow,人物类,人设,头发,其他
透过头发可见腮红,blush visible through hair,人物类,人设,头发,其他
透过头发可见眼睛,eyes visible through hair,人物类,人设,头发,其他
头发撩到耳后,hair behind ear,人物类,人设,头发,其他
披肩发,hair over shoulder,人物类,人设,头发,其他
头发遮住三点,hair censor,人物类,人设,头发,其他
头发披在胸上,hair over breasts,人物类,人设,头发,其他
直发,straight hair,人物类,人设,头发,其他
卷发,curly hair,人物类,人设,头发,其他
波浪卷,wavy hair,人物类,人设,头发,其他
钻头(配双),drill hair,人物类,人设,头发,其他
姬发式(齐刘海后长黑发,hime cut,人物类,人设,头发,其他
齐而短头发(波波发,bob cut,人物类,人设,头发,其他
公主发型,princess head,人物类,人设,头发,其他
上半部分束起,Half-up,人物类,人设,头发,其他
额头,forehead,人物类,人设,头发,其他
扎过的头发,tied hair,人物类,人设,头发,其他
低扎头发,low tied hair,人物类,人设,头发,其他
多扎头发,multi-tied hair,人物类,人设,头发,其他
丸子头,double bun,人物类,人设,头发,其他
圆发髻,hair bun,人物类,人设,头发,其他
芭蕾髻,ballet hair bun,人物类,人设,头发,其他
尖头头发,pointy hair,人物类,人设,头发,其他
羽毛头发,feather hair,人物类,人设,头发,其他
弓形头发,bow-shaped hair,人物类,人设,头发,其他
孤颈头发,lone nape hair,人物类,人设,头发,其他
变换发型,alternate hairstyle,人物类,人设,头发,其他
与原设不同头发长度,alternate hair length,人物类,人设,头发,其他
鬓角,sideburns,人物类,人设,头发,其他
长鬓角,long sideburns,人物类,人设,头发,其他
侧边发辫,sidelocks,人物类,人设,头发,其他
秃头,bald,人物类,人设,头发,其他
鸟窝头|爆炸头,afro,人物类,人设,头发,其他
尖刺的头发,spiked hair,人物类,人设,头发,其他
眼袋,bags under eyes,人物类,人设,眼睛,
缠着绷带的单眼,bandage over one eye,人物类,人设,眼睛,
遮眼|眼罩,blindfold,人物类,人设,眼睛,
眼罩,eyepatch,人物类,人设,眼睛,
眼影,eyeshadow,人物类,人设,眼睛,
医用眼罩,medical eyepatch,人物类,人设,眼睛,
眼睛上的疤痕,scar across eye,人物类,人设,眼睛,
闭眼,eyes closed,人物类,人设,眼睛,
半闭双眼,half closed eyes,人物类,人设,眼睛,
眯起眼睛,narrowed eyes,人物类,人设,眼睛,
拉下眼睑的鬼脸,akanbe,人物类,人设,眼睛,
睁大眼睛,wide eyed,人物类,人设,眼睛,
一只眼睛闭着,one eye closed,人物类,人设,眼睛,
蒙眼,blindfold,人物类,人设,眼睛,
眨眼,wink,人物类,人设,眼睛,
失去高光的眼睛,empty eyes,人物类,人设,眼睛,
翻白眼,rolling eyes,人物类,人设,眼睛,
眼泪,tears,人物类,人设,眼睛,
锐利的眼,slanted eyes,人物类,人设,眼睛,
低眉顺眼,tareme,人物类,人设,眼睛,
上翘的眼睛,upturned eyes,人物类,人设,眼睛,
瞳孔,pupils,人物类,人设,瞳孔,
明亮的瞳孔,bright pupils,人物类,人设,瞳孔,
异色瞳,heterochromia,人物类,人设,瞳孔,
竖的瞳孔/猫眼,slit pupils,人物类,人设,瞳孔,
蛇瞳孔,snake pupils,人物类,人设,瞳孔,
瞳孔闪光,pupils sparkling,人物类,人设,瞳孔,
爱心形瞳孔,heart shaped pupils,人物类,人设,瞳孔,
钻石形状瞳孔,diamond shaped pupils,人物类,人设,瞳孔,
五角星形状瞳孔,star shaped pupils,人物类,人设,瞳孔,
瞳孔散大,dilated pupils,人物类,人设,瞳孔,
没有瞳孔,no pupils,人物类,人设,瞳孔,
缩瞳,constricted pupils,人物类,人设,瞳孔,
眼睛里的星星,star in eye,人物类,人设,瞳孔,
星形瞳孔,star shaped pupils,人物类,人设,瞳孔,
X形瞳孔,x shaped pupils,人物类,人设,瞳孔,
水平瞳孔,horizontal pupils,人物类,人设,瞳孔,
虚线的眼睛,dashed eyes,人物类,人设,瞳孔,
蝴蝶形瞳孔,butterfly shaped pupils,人物类,人设,瞳孔,
菱形瞳孔,diamond shaped pupils,人物类,人设,瞳孔,
长方形瞳孔,rectangular pupils,人物类,人设,瞳孔,
方形瞳孔,square pupils,人物类,人设,瞳孔,
点瞳孔,dot pupils,人物类,人设,瞳孔,
额外的瞳孔,extra pupils,人物类,人设,瞳孔,
十字形瞳孔,cross shaped pupils,人物类,人设,瞳孔,
符号形瞳孔,symbol shaped pupils,人物类,人设,瞳孔,
连衣裙,dress,人物类,服饰,服装,上装
裙子,skirt,人物类,服饰,服装,上装
衬衫,blouse,人物类,服饰,服装,上装
t 恤,t-shirt,人物类,服饰,服装,上装
毛衣,sweater,人物类,服饰,服装,上装
夹克,jacket,人物类,服饰,服装,上装
背心,tank top,人物类,服饰,服装,上装
卫衣,hoodie,人物类,服饰,服装,上装
马甲,vest,人物类,服饰,服装,上装
风衣,trench coat,人物类,服饰,服装,上装
西装,suit,人物类,服饰,服装,上装
骑士夹克,biker jacket,人物类,服饰,服装,上装
外套,coat,人物类,服饰,服装,上装
罩衫,shawl,人物类,服饰,服装,上装
披肩,cape,人物类,服饰,服装,上装
庞乔斗篷,poncho,人物类,服饰,服装,上装
大衣,overcoat,人物类,服饰,服装,上装
毛皮大衣,fur coat,人物类,服饰,服装,上装
斗篷,cape,人物类,服饰,服装,上装
披风,cloak,人物类,服饰,服装,上装
皮衣,leather jacket,人物类,服饰,服装,上装
牛仔裤,jeans,人物类,服饰,服装,下装
裤子,pants,人物类,服饰,服装,下装
连体裤,jumpsuit,人物类,服饰,服装,下装
短裤,shorts,人物类,服饰,服装,下装
长裤,trousers,人物类,服饰,服装,下装
裙子,skirt,人物类,服饰,服装,下装
打底裤,leggings,人物类,服饰,服装,下装
紧身裤,leggings,人物类,服饰,服装,下装
便裤,slacks,人物类,服饰,服装,下装
阔腿裤,wide-leg pants,人物类,服饰,服装,下装
七分裤,capri pants,人物类,服饰,服装,下装
短裙,mini skirt,人物类,服饰,服装,下装
中裙,midi skirt,人物类,服饰,服装,下装
长裙,maxi skirt,人物类,服饰,服装,下装
运动裤,sweatpants,人物类,服饰,服装,下装
卡其裤,khaki pants,人物类,服饰,服装,下装
牛仔短裤,denim shorts,人物类,服饰,服装,下装
裙裤,skort,人物类,服饰,服装,下装
束脚裤,joggers,人物类,服饰,服装,下装
瑜伽裤,yoga pants,人物类,服饰,服装,下装
哈伦裤,harem pants,人物类,服饰,服装,下装
泳衣,swimsuit,人物类,服饰,服装,泳装
比基尼,bikini,人物类,服饰,服装,泳装
连体泳衣,one-piece swimsuit,人物类,服饰,服装,泳装
泳裙,swim skirt,人物类,服饰,服装,泳装
沙滩裙,beach cover-up,人物类,服饰,服装,泳装
遮阳衣,rash guard,人物类,服饰,服装,泳装
泳裤,swim shorts,人物类,服饰,服装,泳装
泳帽,swim cap,人物类,服饰,服装,泳装
浮潜套装,snorkel set,人物类,服饰,服装,泳装
潜水衣,wetsuit,人物类,服饰,服装,泳装
潜水裤,wetsuit pants,人物类,服饰,服装,泳装
冲浪裤,boardshorts,人物类,服饰,服装,泳装
运动文胸,sports bra,人物类,服饰,服装,运动装
运动上衣,sports top,人物类,服饰,服装,运动装
运动裤,sports pants,人物类,服饰,服装,运动装
运动短裤,athletic shorts,人物类,服饰,服装,运动装
运动紧身衣,compression suit,人物类,服饰,服装,运动装
运动套装,athletic set,人物类,服饰,服装,运动装
运动连衣裙,athletic dress,人物类,服饰,服装,运动装
健身服,gym wear,人物类,服饰,服装,运动装
跑步裤,running pants,人物类,服饰,服装,运动装
篮球裤,basketball shorts,人物类,服饰,服装,运动装
网球裤,tennis shorts,人物类,服饰,服装,运动装
足球裤,soccer shorts,人物类,服饰,服装,运动装
高尔夫服,golf attire,人物类,服饰,服装,运动装
瑜伽服,yoga wear,人物类,服饰,服装,运动装
太极服,tai chi suit,人物类,服饰,服装,运动装
拳击装,boxing attire,人物类,服饰,服装,运动装
羽毛球服,badminton attire,人物类,服饰,服装,运动装
游泳裤,swim trunks,人物类,服饰,服装,运动装
健身紧身衣,fitness tights,人物类,服饰,服装,运动装
长跑服,marathon suit,人物类,服饰,服装,运动装
文胸,bra,人物类,服饰,服装,内衣
内裤,panties,人物类,服饰,服装,内衣
丁字裤,thong,人物类,服饰,服装,内衣
连体内衣,bodysuit,人物类,服饰,服装,内衣
睡衣,pajamas,人物类,服饰,服装,内衣
底裤,long johns,人物类,服饰,服装,内衣
吊袜带,garter belt,人物类,服饰,服装,内衣
情趣内衣,lingerie,人物类,服饰,服装,内衣
背心,camisole,人物类,服饰,服装,内衣
泳衣内衣,swimwear bra,人物类,服饰,服装,内衣
塑身内衣,shapewear,人物类,服饰,服装,内衣
胸衣,bustier,人物类,服饰,服装,内衣
纹身文胸,tattoo bra,人物类,服饰,服装,内衣
丰胸垫,push-up pad,人物类,服饰,服装,内衣
吊带内衣,strapless bra,人物类,服饰,服装,内衣
无肩带文胸,convertible bra,人物类,服饰,服装,内衣
无线文胸,wireless bra,人物类,服饰,服装,内衣
无痕内衣,seamless underwear,人物类,服饰,服装,内衣
泳装内衣,swimwear bra,人物类,服饰,服装,内衣
小胸文胸,small cup bra,人物类,服饰,服装,内衣
大胸文胸,large cup bra,人物类,服饰,服装,内衣
项链,necklace,人物类,服饰,服装,配饰
耳环,earrings,人物类,服饰,服装,配饰
手链,bracelet,人物类,服饰,服装,配饰
戒指,ring,人物类,服饰,服装,配饰
围巾,scarf,人物类,服饰,服装,配饰
帽子,hat,人物类,服饰,服装,配饰
手套,gloves,人物类,服饰,服装,配饰
皮带,belt,人物类,服饰,服装,配饰
太阳镜,sunglasses,人物类,服饰,服装,配饰
包包,handbag,人物类,服饰,服装,配饰
披肩,shawl,人物类,服饰,服装,配饰
发夹,hairpin,人物类,服饰,服装,配饰
发带,headband,人物类,服饰,服装,配饰
项链套装,necklace set,人物类,服饰,服装,配饰
手表,watch,人物类,服饰,服装,配饰
腰链,waist chain,人物类,服饰,服装,配饰
胸针,brooch,人物类,服饰,服装,配饰
手镯,bangle,人物类,服饰,服装,配饰
项链链子,chain necklace,人物类,服饰,服装,配饰
胸花,corsage,人物类,服饰,服装,配饰
围巾固定器,scarf clip,人物类,服饰,服装,配饰
高跟鞋,high heels,人物类,服饰,服装,鞋类
运动鞋,sneakers,人物类,服饰,服装,鞋类
平底鞋,flats,人物类,服饰,服装,鞋类
靴子,boots,人物类,服饰,服装,鞋类
凉鞋,sandals,人物类,服饰,服装,鞋类
拖鞋,slippers,人物类,服饰,服装,鞋类
尖头鞋,pointed-toe shoes,人物类,服饰,服装,鞋类
帆布鞋,canvas shoes,人物类,服饰,服装,鞋类
平底便鞋,loafers,人物类,服饰,服装,鞋类
牛仔鞋,cowboy boots,人物类,服饰,服装,鞋类
坡跟鞋,wedges,人物类,服饰,服装,鞋类
男鞋,oxfords,人物类,服饰,服装,鞋类
马丁靴,ankle boots,人物类,服饰,服装,鞋类
水鞋,water shoes,人物类,服饰,服装,鞋类
人字拖,flip-flops,人物类,服饰,服装,鞋类
木底拖鞋,clogs,人物类,服饰,服装,鞋类
运动凉鞋,sport sandals,人物类,服饰,服装,鞋类
豆豆鞋,penny loafers,人物类,服饰,服装,鞋类
睡衣,pajamas,人物类,服饰,服装,睡衣
睡袍,robe,人物类,服饰,服装,睡衣
睡裙,nightgown,人物类,服饰,服装,睡衣
睡袍套装,robe set,人物类,服饰,服装,睡衣
家居服,loungewear,人物类,服饰,服装,睡衣
居家裤,lounging pants,人物类,服饰,服装,睡衣
睡裤,sleep shorts,人物类,服饰,服装,睡衣
睡裙套装,nightgown set,人物类,服饰,服装,睡衣
短睡裤套装,sleep shorts set,人物类,服饰,服装,睡衣
居家内衣,lounging lingerie,人物类,服饰,服装,睡衣
睡裤套装,sleep shorts set,人物类,服饰,服装,睡衣
夜袍,night robe,人物类,服饰,服装,睡衣
夜裙,evening dress,人物类,服饰,服装,睡衣
帽子,hat,人物类,服饰,服装,帽子
棒球帽,baseball cap,人物类,服饰,服装,帽子
遮阳帽,sun hat,人物类,服饰,服装,帽子
渔夫帽,bucket hat,人物类,服饰,服装,帽子
毛线帽,beanie,人物类,服饰,服装,帽子
礼帽,top hat,人物类,服饰,服装,帽子
鸭舌帽,duckbill cap,人物类,服饰,服装,帽子
贝雷帽,beret,人物类,服饰,服装,帽子
军帽,military cap,人物类,服饰,服装,帽子
斗篷,cape,人物类,服饰,服装,帽子
围巾,scarf,人物类,服饰,服装,帽子
披肩,shawl,人物类,服饰,服装,帽子
发带,headband,人物类,服饰,服装,帽子
发夹,hairpin,人物类,服饰,服装,帽子
草帽,straw hat,人物类,服饰,服装,帽子
兔毛帽,fur hat,人物类,服饰,服装,帽子
军官帽,officer's cap,人物类,服饰,服装,帽子
帽套,hat cover,人物类,服饰,服装,帽子
卡其帽,newsboy cap,人物类,服饰,服装,帽子
洪堡帽,homburg hat,人物类,服饰,服装,帽子
英式帽,bowler hat,人物类,服饰,服装,帽子
圆顶礼帽,derby hat,人物类,服饰,服装,帽子
连袜裤,tights,人物类,服饰,服装,连袜裤
裤袜,pantyhose,人物类,服饰,服装,连袜裤
厚连裤袜,opaque tights,人物类,服饰,服装,连袜裤
薄连裤袜,sheer tights,人物类,服饰,服装,连袜裤
蕾丝连袜裤,lace tights,人物类,服饰,服装,连袜裤
鱼网袜,fishnet tights,人物类,服饰,服装,连袜裤
中筒袜,knee-high socks,人物类,服饰,服装,连袜裤
长筒袜,thigh-high socks,人物类,服饰,服装,连袜裤
踝筒袜,ankle socks,人物类,服饰,服装,连袜裤
脚趾袜,toe socks,人物类,服饰,服装,连袜裤
冬季连袜裤,winter tights,人物类,服饰,服装,连袜裤
体育袜,sport socks,人物类,服饰,服装,连袜裤
格子连袜裤,plaid tights,人物类,服饰,服装,连袜裤
格子袜,argyle socks,人物类,服饰,服装,连袜裤
袜套,sock covers,人物类,服饰,服装,连袜裤
睡袜,sleep socks,人物类,服饰,服装,连袜裤
美腿袜,leggings,人物类,服饰,服装,连袜裤
围巾,scarf,人物类,服饰,服装,围巾
丝巾,silk scarf,人物类,服饰,服装,围巾
披肩,shawl,人物类,服饰,服装,围巾
围巾固定器,scarf clip,人物类,服饰,服装,围巾
领巾,neckerchief,人物类,服饰,服装,围巾
围巾环,scarf ring,人物类,服饰,服装,围巾
围脖,snood,人物类,服饰,服装,围巾
飘带,streamer,人物类,服饰,服装,围巾
绒线围巾,knit scarf,人物类,服饰,服装,围巾
披风,cape,人物类,服饰,服装,围巾
莱卡围巾,lycra scarf,人物类,服饰,服装,围巾
领巾固定器,neckerchief clip,人物类,服饰,服装,围巾
鸟巾,boa,人物类,服饰,服装,围巾
围巾链子,scarf chain,人物类,服饰,服装,围巾
丝袜连裤袜,pantyhose,人物类,服饰,服装,丝袜
网纹丝袜,fishnet stockings,人物类,服饰,服装,丝袜
压力丝袜,compression stockings,人物类,服饰,服装,丝袜
无缝丝袜,seamless stockings,人物类,服饰,服装,丝袜
花边丝袜,lace stockings,人物类,服饰,服装,丝袜
大网格丝袜,large fishnet stockings,人物类,服饰,服装,丝袜
薄款丝袜,sheer stockings,人物类,服饰,服装,丝袜
加强型丝袜,reinforced stockings,人物类,服饰,服装,丝袜
超薄丝袜,ultra-sheer stockings,人物类,服饰,服装,丝袜
丝袜袜子,stocking socks,人物类,服饰,服装,丝袜
丝袜裤袜,tights,人物类,服饰,服装,丝袜
蕾丝丝袜,lace tights,人物类,服饰,服装,丝袜
鱼网丝袜,fishnet tights,人物类,服饰,服装,丝袜
肉色丝袜,nude stockings,人物类,服饰,服装,丝袜
彩色丝袜,colored stockings,人物类,服饰,服装,丝袜
黑色丝袜,black stockings,人物类,服饰,服装,丝袜
白色丝袜,white stockings,人物类,服饰,服装,丝袜
红色丝袜,red stockings,人物类,服饰,服装,丝袜
粉色丝袜,pink stockings,人物类,服饰,服装,丝袜
紫色丝袜,purple stockings,人物类,服饰,服装,丝袜
蓝色丝袜,blue stockings,人物类,服饰,服装,丝袜
绿色丝袜,green stockings,人物类,服饰,服装,丝袜
黄色丝袜,yellow stockings,人物类,服饰,服装,丝袜
灰色丝袜,gray stockings,人物类,服饰,服装,丝袜
褐色丝袜,brown stockings,人物类,服饰,服装,丝袜
条纹丝袜,striped stockings,人物类,服饰,服装,丝袜
格子丝袜,checkered stockings,人物类,服饰,服装,丝袜
花卉丝袜,floral stockings,人物类,服饰,服装,丝袜
圆点丝袜,polka dot stockings,人物类,服饰,服装,丝袜
复古丝袜,vintage stockings,人物类,服饰,服装,丝袜
半透明丝袜,semi-opaque stockings,人物类,服饰,服装,丝袜
珠光丝袜,shimmer stockings,人物类,服饰,服装,丝袜
亮片丝袜,glitter stockings,人物类,服饰,服装,丝袜
珍珠丝袜,pearl stockings,人物类,服饰,服装,丝袜
水钻丝袜,rhinestone stockings,人物类,服饰,服装,丝袜
厚款丝袜,opaque stockings,人物类,服饰,服装,丝袜
坎肩丝袜,cowl neck stockings,人物类,服饰,服装,丝袜
连体丝袜,bodystocking,人物类,服饰,服装,丝袜
性感丝袜,sexy stockings,人物类,服饰,服装,丝袜
丝袜内衣套装,lingerie and stockings set,人物类,服饰,服装,丝袜
高腰丝袜,high-waisted stockings,人物类,服饰,服装,丝袜
丝袜配饰,stocking accessories,人物类,服饰,服装,丝袜
网纹袜套,fishnet leg warmers,人物类,服饰,服装,丝袜
丝袜腿套,stocking leg warmers,人物类,服饰,服装,丝袜
丝袜吊带,stocking garters,人物类,服饰,服装,丝袜
深V领连衣裙,deep v-neck dress,人物类,服饰,服装,深V
深V领毛衣,deep v-neck sweater,人物类,服饰,服装,深V
深V领上衣,deep v-neck top,人物类,服饰,服装,深V
深V领连体裤,deep v-neck jumpsuit,人物类,服饰,服装,深V
深V领紧身衣,deep v-neck bodysuit,人物类,服饰,服装,深V
深V领背心,deep v-neck camisole,人物类,服饰,服装,深V
深V领吊带连衣裙,deep v-neck halter dress,人物类,服饰,服装,深V
深V领连身短裤,deep v-neck romper,人物类,服饰,服装,深V
深V领礼服连衣裙,deep v-neck evening gown,人物类,服饰,服装,深V
深V领薄款针织衫,deep v-neck lightweight knit sweater,人物类,服饰,服装,深V
深V领运动上衣,deep v-neck athletic top,人物类,服饰,服装,深V
深V领丝绒连衣裙,deep v-neck velvet dress,人物类,服饰,服装,深V
深V领夏季连衣裙,deep v-neck summer dress,人物类,服饰,服装,深V
深V领短袖衬衫,deep v-neck short sleeve shirt,人物类,服饰,服装,深V
深V领包裹裙,deep v-neck bodycon skirt,人物类,服饰,服装,深V
深V领流苏裙,deep v-neck fringe skirt,人物类,服饰,服装,深V
深V领蕾丝连衣裙,deep v-neck lace dress,人物类,服饰,服装,深V
深V领连衣裙套装,deep v-neck dress set,人物类,服饰,服装,深V
深V领吊带上衣,deep v-neck halter top,人物类,服饰,服装,深V
深V领连衣裙配饰,deep v-neck dress accessories,人物类,服饰,服装,深V
深V领连衣裙外套,deep v-neck dress coat,人物类,服饰,服装,深V
深V领连衣裙帽衫,deep v-neck dress hooded sweater,人物类,服饰,服装,深V
深V领拼接连衣裙,deep v-neck patchwork dress,人物类,服饰,服装,深V
深V领卫衣连衣裙,deep v-neck hoodie dress,人物类,服饰,服装,深V
深V领夜店装,deep v-neck clubwear,人物类,服饰,服装,深V
深V领网纱连衣裙,deep v-neck mesh dress,人物类,服饰,服装,深V
深V领迷彩连衣裙,deep v-neck camouflage dress,人物类,服饰,服装,深V
深V领蕾丝上衣,deep v-neck lace top,人物类,服饰,服装,深V
深V领透明连衣裙,deep v-neck sheer dress,人物类,服饰,服装,深V
深V领复古连衣裙,deep v-neck vintage dress,人物类,服饰,服装,深V
深V领长款连衣裙,deep v-neck long dress,人物类,服饰,服装,深V
深V领迷你连衣裙,deep v-neck mini dress,人物类,服饰,服装,深V
深V领宴会装,deep v-neck cocktail dress,人物类,服饰,服装,深V
深V领无袖连衣裙,deep v-neck sleeveless dress,人物类,服饰,服装,深V
深V领绒线连衣裙,deep v-neck knit dress,人物类,服饰,服装,深V
深V领运动连衣裙,deep v-neck athletic dress,人物类,服饰,服装,深V
深V领修身连衣裙,deep v-neck fitted dress,人物类,服饰,服装,深V
深V领皮质连衣裙,deep v-neck leather dress,人物类,服饰,服装,深V
深V领连衣裙裙子,deep v-neck dress skirt,人物类,服饰,服装,深V
深V领裹胸连衣裙,deep v-neck wrap dress,人物类,服饰,服装,深V
深V领露肩连衣裙,deep v-neck off-shoulder dress,人物类,服饰,服装,深V
深V领背带连衣裙,deep v-neck suspender dress,人物类,服饰,服装,深V
深V领夏日连衣裙,deep v-neck summer dress,人物类,服饰,服装,深V
深V领金属纹裙,deep v-neck metallic skirt,人物类,服饰,服装,深V
深V领高腰连衣裙,deep v-neck high-waisted dress,人物类,服饰,服装,深V
深V领包裹上衣,deep v-neck bodycon top,人物类,服饰,服装,深V
包臀连衣裙,bodycon dress,人物类,服饰,服装,包臀
包臀裙,bodycon skirt,人物类,服饰,服装,包臀
包臀上衣,bodycon top,人物类,服饰,服装,包臀
包臀连体裤,bodycon jumpsuit,人物类,服饰,服装,包臀
包臀紧身裙,bodycon skirt,人物类,服饰,服装,包臀
包臀礼服,bodycon gown,人物类,服饰,服装,包臀
包臀针织裙,knit bodycon dress,人物类,服饰,服装,包臀
包臀运动短裤,sports booty shorts,人物类,服饰,服装,包臀
包臀派对服,party bodycon dress,人物类,服饰,服装,包臀
包臀露背连衣裙,backless bodycon dress,人物类,服饰,服装,包臀
包臀剧院装,theater bodycon dress,人物类,服饰,服装,包臀
包臀半身裙,mini bodycon skirt,人物类,服饰,服装,包臀
包臀连衣裙套装,bodycon dress set,人物类,服饰,服装,包臀
包臀纹理裙,textured bodycon skirt,人物类,服饰,服装,包臀
包臀夏季连衣裙,summer bodycon dress,人物类,服饰,服装,包臀
包臀针织上衣,knit bodycon top,人物类,服饰,服装,包臀
包臀夏日裙子,summer bodycon dress,人物类,服饰,服装,包臀
包臀毛织裙,knit bodycon skirt,人物类,服饰,服装,包臀
包臀花纹裙,patterned bodycon dress,人物类,服饰,服装,包臀
包臀网纱连衣裙,mesh bodycon dress,人物类,服饰,服装,包臀
包臀迷你连衣裙,mini bodycon dress,人物类,服饰,服装,包臀
包臀薄款上衣,lightweight bodycon top,人物类,服饰,服装,包臀
包臀复古连衣裙,vintage bodycon dress,人物类,服饰,服装,包臀
包臀夜店装,clubwear bodycon dress,人物类,服饰,服装,包臀
包臀蕾丝裙,lace bodycon skirt,人物类,服饰,服装,包臀
包臀宴会装,cocktail bodycon dress,人物类,服饰,服装,包臀
包臀皮质短裙,leather bodycon skirt,人物类,服饰,服装,包臀
包臀纯色连衣裙,solid color bodycon dress,人物类,服饰,服装,包臀
包臀迷你半身裙,mini bodycon skirt,人物类,服饰,服装,包臀
包臀吊带连衣裙,strapless bodycon dress,人物类,服饰,服装,包臀
包臀连衣裙配饰,bodycon dress accessories,人物类,服饰,服装,包臀
包臀高腰裙,high-waisted bodycon skirt,人物类,服饰,服装,包臀
包臀透明连衣裙,sheer bodycon dress,人物类,服饰,服装,包臀
包臀金属纹裙,metallic bodycon skirt,人物类,服饰,服装,包臀
包臀卫衣连衣裙,hooded bodycon dress,人物类,服饰,服装,包臀
包臀深V领连衣裙,deep v-neck bodycon dress,人物类,服饰,服装,包臀
包臀丝绒连衣裙,velvet bodycon dress,人物类,服饰,服装,包臀
包臀迷你连衣裙套装,mini bodycon dress set,人物类,服饰,服装,包臀
包臀牛仔短裙,denim bodycon skirt,人物类,服饰,服装,包臀
包臀低背连衣裙,low-back bodycon dress,人物类,服饰,服装,包臀
包臀修身连衣裙,fitted bodycon dress,人物类,服饰,服装,包臀
包臀雪纺连衣裙,chiffon bodycon dress,人物类,服饰,服装,包臀
包臀长款连衣裙,long bodycon dress,人物类,服饰,服装,包臀
包臀背心上衣,sleeveless bodycon top,人物类,服饰,服装,包臀
包臀无袖连衣裙,sleeveless bodycon dress,人物类,服饰,服装,包臀
包臀蕾丝连衣裙,lace bodycon dress,人物类,服饰,服装,包臀
包臀紧身衬衫,bodycon shirt,人物类,服饰,服装,包臀
包臀绒线连衣裙,knit bodycon dress,人物类,服饰,服装,包臀
包臀薄纱连衣裙,chiffon bodycon dress,人物类,服饰,服装,包臀
包臀高领连衣裙,high-neck bodycon dress,人物类,服饰,服装,包臀
包臀纯色半身裙,solid color bodycon skirt,人物类,服饰,服装,包臀
蕾丝连衣裙,lace dress,人物类,服饰,服装,蕾丝
蕾丝上衣,lace top,人物类,服饰,服装,蕾丝
蕾丝裙子,lace skirt,人物类,服饰,服装,蕾丝
蕾丝连体裤,lace jumpsuit,人物类,服饰,服装,蕾丝
蕾丝裤子,lace pants,人物类,服饰,服装,蕾丝
蕾丝外套,lace jacket,人物类,服饰,服装,蕾丝
蕾丝背心,lace camisole,人物类,服饰,服装,蕾丝
蕾丝内衣,lace lingerie,人物类,服饰,服装,蕾丝
蕾丝袜子,lace stockings,人物类,服饰,服装,蕾丝
蕾丝长袜,lace thigh-high socks,人物类,服饰,服装,蕾丝
蕾丝长袖上衣,lace long-sleeve top,人物类,服饰,服装,蕾丝
蕾丝吊带上衣,lace camisole top,人物类,服饰,服装,蕾丝
蕾丝连衣裙配饰,lace dress accessories,人物类,服饰,服装,蕾丝
蕾丝短袖上衣,lace short-sleeve top,人物类,服饰,服装,蕾丝
蕾丝披肩,lace shawl,人物类,服饰,服装,蕾丝
蕾丝长袖裙,lace long-sleeve dress,人物类,服饰,服装,蕾丝
蕾丝袖套,lace sleeves,人物类,服饰,服装,蕾丝
蕾丝贴边裙,lace-edged skirt,人物类,服饰,服装,蕾丝
蕾丝花边上衣,lace trim top,人物类,服饰,服装,蕾丝
蕾丝贴边连衣裙,lace-edged dress,人物类,服饰,服装,蕾丝
蕾丝夏季裙,lace summer dress,人物类,服饰,服装,蕾丝
蕾丝春季外套,lace spring jacket,人物类,服饰,服装,蕾丝
蕾丝晚礼服,lace evening gown,人物类,服饰,服装,蕾丝
蕾丝迷你裙,lace mini skirt,人物类,服饰,服装,蕾丝
蕾丝修身裙,lace bodycon skirt,人物类,服饰,服装,蕾丝
蕾丝冬季外套,lace winter jacket,人物类,服饰,服装,蕾丝
蕾丝紧身上衣,lace fitted top,人物类,服饰,服装,蕾丝
蕾丝包臀连衣裙,lace bodycon dress,人物类,服饰,服装,蕾丝
蕾丝裙裤套装,lace skirt and pants set,人物类,服饰,服装,蕾丝
蕾丝夜店装,lace clubwear,人物类,服饰,服装,蕾丝
蕾丝流苏裙,lace fringe skirt,人物类,服饰,服装,蕾丝
蕾丝露背连衣裙,lace backless dress,人物类,服饰,服装,蕾丝
蕾丝深V领上衣,lace deep v-neck top,人物类,服饰,服装,蕾丝
蕾丝高腰裙,lace high-waisted skirt,人物类,服饰,服装,蕾丝
蕾丝透明连衣裙,lace sheer dress,人物类,服饰,服装,蕾丝
蕾丝圆领上衣,lace round neck top,人物类,服饰,服装,蕾丝
蕾丝半袖连衣裙,lace short-sleeve dress,人物类,服饰,服装,蕾丝
蕾丝花边连衣裙,lace trim dress,人物类,服饰,服装,蕾丝
蕾丝低背连衣裙,lace low-back dress,人物类,服饰,服装,蕾丝
蕾丝包臀上衣,lace bodycon top,人物类,服饰,服装,蕾丝
蕾丝薄纱连衣裙,lace chiffon dress,人物类,服饰,服装,蕾丝
蕾丝针织裙,lace knit skirt,人物类,服饰,服装,蕾丝
蕾丝连衣裙外套,lace dress coat,人物类,服饰,服装,蕾丝
蕾丝背心上衣,lace camisole top,人物类,服饰,服装,蕾丝
连衣裙,dress,人物类,服饰,服装,裙子
迷你裙,miniskirt,人物类,服饰,服装,裙子
中裙,midi skirt,人物类,服饰,服装,裙子
长裙,maxi skirt,人物类,服饰,服装,裙子
半身裙,skirt,人物类,服饰,服装,裙子
包臀裙,bodycon skirt,人物类,服饰,服装,裙子
百褶裙,pleated skirt,人物类,服饰,服装,裙子
牛仔裙,denim skirt,人物类,服饰,服装,裙子
礼服裙,gown,人物类,服饰,服装,裙子
夏季裙,summer dress,人物类,服饰,服装,裙子
冬季裙,winter dress,人物类,服饰,服装,裙子
花卉裙,floral dress,人物类,服饰,服装,裙子
印花裙,printed dress,人物类,服饰,服装,裙子
纱裙,chiffon dress,人物类,服饰,服装,裙子
针织裙,knit skirt,人物类,服饰,服装,裙子
派对裙,party dress,人物类,服饰,服装,裙子
背心裙,camisole dress,人物类,服饰,服装,裙子
吊带裙,halter dress,人物类,服饰,服装,裙子
圆领裙,round neck dress,人物类,服饰,服装,裙子
蕾丝裙,lace dress,人物类,服饰,服装,裙子
修身裙,fitted skirt,人物类,服饰,服装,裙子
流苏裙,fringe skirt,人物类,服饰,服装,裙子
包裹裙,wrap dress,人物类,服饰,服装,裙子
无袖裙,sleeveless dress,人物类,服饰,服装,裙子
宴会裙,cocktail dress,人物类,服饰,服装,裙子
露肩裙,off-shoulder dress,人物类,服饰,服装,裙子
连体裙,jumpsuit,人物类,服饰,服装,裙子
迷你连衣裙,minidress,人物类,服饰,服装,裙子
深V领连衣裙,deep v-neck dress,人物类,服饰,服装,裙子
丝绒裙,velvet dress,人物类,服饰,服装,裙子
复古裙,vintage dress,人物类,服饰,服装,裙子
亮片裙,sequin skirt,人物类,服饰,服装,裙子
亮丝裙,shimmer dress,人物类,服饰,服装,裙子
格子裙,plaid skirt,人物类,服饰,服装,裙子
牛仔迷你裙,denim miniskirt,人物类,服饰,服装,裙子
棉质连衣裙,cotton dress,人物类,服饰,服装,裙子
运动裙,athletic skirt,人物类,服饰,服装,裙子
低背连衣裙,low-back dress,人物类,服饰,服装,裙子
高领连衣裙,turtleneck dress,人物类,服饰,服装,裙子
珍珠裙,pearl skirt,人物类,服饰,服装,裙子
水钻裙,rhinestone skirt,人物类,服饰,服装,裙子
条纹裙,striped skirt,人物类,服饰,服装,裙子
亮片迷你裙,sequin miniskirt,人物类,服饰,服装,裙子
印花迷你裙,printed miniskirt,人物类,服饰,服装,裙子
薄纱连衣裙,chiffon minidress,人物类,服饰,服装,裙子
无袖连衣裙,sleeveless minidress,人物类,服饰,服装,裙子
背带连衣裙,suspender dress,人物类,服饰,服装,裙子
麂皮迷你裙,suede miniskirt,人物类,服饰,服装,裙子
纯色连衣裙,solid color dress,人物类,服饰,服装,裙子
职场制服,business_suit,人物类,服饰,制服COS,
校服,school_uniform,人物类,服饰,制服COS,
水手服,serafuku,人物类,服饰,制服COS,
护士,nurse,人物类,服饰,制服COS,
警服,police_uniform,人物类,服饰,制服COS,
海军制服,naval_uniform,人物类,服饰,制服COS,
陆军制服,military_uniform,人物类,服饰,制服COS,
女仆装,maid,人物类,服饰,制服COS,
围裙,apron,人物类,服饰,制服COS,
厨师工装,chef_uniform,人物类,服饰,制服COS,
宇航服,space_suit,人物类,服饰,制服COS,
实验服,labcoat,人物类,服饰,制服COS,
啦啦队服,cheerleader,人物类,服饰,制服COS,
燕尾服,tuxedo,人物类,服饰,制服COS,
礼服,evening_gown,人物类,服饰,制服COS,
婚纱,wedding_dress,人物类,服饰,制服COS,
巫女服,miko,人物类,服饰,制服COS,
修女服,nun_cloth,人物类,服饰,制服COS,
兔子服装,bunny_costume,人物类,服饰,制服COS,
猫系服装,cat_costume,人物类,服饰,制服COS,
皮套狗,dog_costume,人物类,服饰,制服COS,
熊套装,bear_costume,人物类,服饰,制服COS,
圣诞风格服装,santa_costume,人物类,服饰,制服COS,
盔甲,armor,人物类,服饰,制服COS,
比基尼盔甲,bikini_armor,人物类,服饰,制服COS,
穿着全套盔甲的,full_armor,人物类,服饰,制服COS,
板甲,plate_armor,人物类,服饰,制服COS,
日本铠甲,japanese_armor,人物类,服饰,制服COS,
动力装甲,power_armor,人物类,服饰,制服COS,
机甲,mecha,人物类,服饰,制服COS,
头盔,helmet,人物类,服饰,制服COS,
头盔(日式),kabuto,人物类,服饰,制服COS,
無肩甲盔甲,off-shoulder_armor,人物类,服饰,制服COS,
肩甲,shoulder_armor,人物类,服饰,制服COS,
日本弓道護胸甲,muneate,人物类,服饰,制服COS,
胸甲,breastplate,人物类,服饰,制服COS,
腹甲,faulds,人物类,服饰,制服COS,
胫甲,shin_guards,人物类,服饰,制服COS,
装甲靴,armored_boots,人物类,服饰,制服COS,
道袍,Taoist robe,人物类,服饰,制服COS,
长袍,robe,人物类,服饰,制服COS,
混合长袍,robe_of_blending,人物类,服饰,制服COS,
斗篷,cloak,人物类,服饰,制服COS,
羽衣,hagoromo,人物类,服饰,制服COS,
中国服饰,china_dress,人物类,服饰,传统服饰,
中国风,chinese_style,人物类,服饰,传统服饰,
旗袍,china_dress,人物类,服饰,传统服饰,
印花旗袍,print_cheongsam,人物类,服饰,传统服饰,
汉服,hanfu,人物类,服饰,传统服饰,
汉服唐风,"hanfu, tang style",人物类,服饰,传统服饰,
上杉,upper shan,人物类,服饰,传统服饰,
长上杉,long upper shan,人物类,服饰,传统服饰,
齐胸破裙,chest po skirt,人物类,服饰,传统服饰,
齐胸褶裙,chest pleated skirt,人物类,服饰,传统服饰,
系带,waistband,人物类,服饰,传统服饰,
披帛,pibo,人物类,服饰,传统服饰,
汉服宋风,"hanfu, song style outfits",人物类,服饰,传统服饰,
短杉,short shan,人物类,服饰,传统服饰,
长杉,long shan,人物类,服饰,传统服饰,
宋抹,songmo,人物类,服饰,传统服饰,
百褶裙,pleated skirt,人物类,服饰,传统服饰,
汉服明风,"hanfu, ming style outfits",人物类,服饰,传统服饰,
短袄,short coat,人物类,服饰,传统服饰,
长袄,long coat,人物类,服饰,传统服饰,
马面裙,mamian skirt,人物类,服饰,传统服饰,
交领,overlapping collar,人物类,服饰,传统服饰,
圆领,round collar,人物类,服饰,传统服饰,
立领,standing collar,人物类,服饰,传统服饰,
方领,square collar,人物类,服饰,传统服饰,
云肩,overlapping collar,人物类,服饰,传统服饰,
刺绣,embroidery,人物类,服饰,传统服饰,
织金,woven gold,人物类,服饰,传统服饰,
妆花,makeup flower,人物类,服饰,传统服饰,
补服,bufu,人物类,服饰,传统服饰,
和服,kimono,人物类,服饰,传统服饰,
印花和服,print_kimono,人物类,服饰,传统服饰,
衣带(和服用),obi,人物类,服饰,传统服饰,
浴衣,yukata,人物类,服饰,传统服饰,
韩服,hanbok,人物类,服饰,传统服饰,
朝鲜服饰,korean_clothes,人物类,服饰,传统服饰,
西部风格,western,人物类,服饰,传统服饰,
德国服装,german_clothes,人物类,服饰,传统服饰,
哥特风格,gothic,人物类,服饰,传统服饰,
洛丽塔风格,gothic_lolita,人物类,服饰,传统服饰,
拜占庭风格,byzantine_fashion,人物类,服饰,传统服饰,
热带特征的,Tropical,人物类,服饰,传统服饰,
印度风格,indian_style,人物类,服饰,传统服饰,
越南校服（奥黛）,Ao_Dai,人物类,服饰,传统服饰,
阿伊努人的服饰,ainu_clothes,人物类,服饰,传统服饰,
阿拉伯服饰,arabian_clothes,人物类,服饰,传统服饰,
埃及风格服饰,egyptian_clothes,人物类,服饰,传统服饰,
化妆,applying makeup,人物类,情景,,
洗澡,bathing,人物类,情景,,
入浴,bathing,人物类,情景,,
咬,biting,人物类,情景,,
鞠躬,bowing,人物类,情景,,
刷牙,brushing teeth,人物类,情景,,
吹泡泡,bubble blowing,人物类,情景,,
追逐,chasing,人物类,情景,,
打扫,cleaning,人物类,情景,,
攀爬,climbing,人物类,情景,,
烹饪,cooking,人物类,情景,,
哭,crying,人物类,情景,,
拥抱,cuddling,人物类,情景,,
跳舞,dancing,人物类,情景,,
潜水,diving,人物类,情景,,
拉弓,drawing bow,人物类,情景,,
喝,drinking,人物类,情景,,
驾驶,driving,人物类,情景,,
(意外)掉落,dropping,人物类,情景,,
弄干(浴后),drying,人物类,情景,,
双持,dual wielding,人物类,情景,,
吃饭,eating,人物类,情景,,
做运动,exercise,人物类,情景,,
战斗姿态|摆着架势的,fighting stance,人物类,情景,,
射击,firing,人物类,情景,,
钓鱼,fishing,人物类,情景,,
秀肌肉,flexing,人物类,情景,,
飞踢,flying kick,人物类,情景,,
梳头,hair brushing,人物类,情景,,
撩头发,hair tucking,人物类,情景,,
吊起来的,hanging,人物类,情景,,
击打,hitting,人物类,情景,,
在想象的,imagining,人物类,情景,,
跳跃,jumping,人物类,情景,,
踢,kicking,人物类,情景,,
演奏乐器,playing instrument,人物类,情景,,
钢管舞,pole dancing,人物类,情景,,
祈祷,praying,人物类,情景,,
展示,presenting,人物类,情景,,
挥拳,punching,人物类,情景,,
推搡,pushing,人物类,情景,,
阅读,reading,人物类,情景,,
骑,riding,人物类,情景,,
奔跑,running,人物类,情景,,
缝纫,sewing,人物类,情景,,
购物,shopping,人物类,情景,,
淋浴,showering,人物类,情景,,
唱歌,sing,人物类,情景,,
扑克牌,playing card,人物类,情景,,
打游戏,playing games,人物类,情景,,
行走,Walking,人物类,动作/表情,单人姿态,
转身,Turning,人物类,动作/表情,单人姿态,
摆动,Swinging,人物类,动作/表情,单人姿态,
弯腰,Bending,人物类,动作/表情,单人姿态,
高抬腿,High leg lift,人物类,动作/表情,单人姿态,
拉伸,Stretching,人物类,动作/表情,单人姿态,
手势,Gestures,人物类,动作/表情,单人姿态,
双手放腰,Hands on waist,人物类,动作/表情,单人姿态,
站立,standing,人物类,动作/表情,单人姿态,
躺,on back,人物类,动作/表情,单人姿态,
趴,on stomach,人物类,动作/表情,单人姿态,
跪,kneeling,人物类,动作/表情,单人姿态,
侧卧,on side,人物类,动作/表情,单人姿态,
靠在物体上,leaning on object,人物类,动作/表情,单人姿态,
躺着的,lying,人物类,动作/表情,单人姿态,
胎儿姿势(躺),fetal position,人物类,动作/表情,单人姿态,
胸部互碰|胸顶着胸,asymmetrical docking,人物类,动作/表情,多人互动,
背对背,back-to-back,人物类,动作/表情,多人互动,
眼对眼（对视）,eye contact,人物类,动作/表情,多人互动,
二人面对面(脸贴得很近),facing another,人物类,动作/表情,多人互动,
喂食,feeding,人物类,动作/表情,多人互动,
口内手指,finger in another's mouth,人物类,动作/表情,多人互动,
牵手,holding hands,人物类,动作/表情,多人互动,
拥抱,hug,人物类,动作/表情,多人互动,
即将接吻,imminent kiss,人物类,动作/表情,多人互动,
递食物,incoming food,人物类,动作/表情,多人互动,
递礼物,incoming gift,人物类,动作/表情,多人互动,
等待接吻|献吻,incoming kiss,人物类,动作/表情,多人互动,
壁咚,Kabedon,人物类,动作/表情,多人互动,
膝枕,lap pillow,人物类,动作/表情,多人互动,
掏耳勺,mimikaki,人物类,动作/表情,多人互动,
公主抱,princess carry,人物类,动作/表情,多人互动,
舌头,tongue,人物类,动作/表情,多人互动,
吐舌头,tongue out,人物类,动作/表情,多人互动,
小舌头|口盖垂|悬雍垂,uvula,人物类,动作/表情,多人互动,
咬耳朵,ear biting,人物类,动作/表情,多人互动,
手放在嘴边,hand to mouth,人物类,动作/表情,手部,
爪手势,claw pose,人物类,动作/表情,手部,
招财猫手势(下弯手腕),paw pose,人物类,动作/表情,手部,
狐狸手势,fox shadow puppet,人物类,动作/表情,手部,
手指枪手势,finger gun,人物类,动作/表情,手部,
胜利手势,v,人物类,动作/表情,手部,
双 v,double v,人物类,动作/表情,手部,
翘大拇指,thumbs up,人物类,动作/表情,手部,
食指抬起,index finger raised,人物类,动作/表情,手部,
国际友好手势,middle finger,人物类,动作/表情,手部,
用手指做出笑脸,fingersmile,人物类,动作/表情,手部,
擦眼泪,wiping tears,人物类,动作/表情,手部,
OK手势,ok sign,人物类,动作/表情,手部,
遮阳手势,shading eyes,人物类,动作/表情,手部,
嘘(手势),shushing,人物类,动作/表情,手部,
手指伸进嘴里,finger in mouth,人物类,动作/表情,手部,
手指卷着头发,hair twirling,人物类,动作/表情,手部,
双手手指交叉|双手紧握,hands clasped,人物类,动作/表情,手部,
握着头发|手指绕着头发,holding hair,人物类,动作/表情,手部,
扶眼镜,adjusting eyewear,人物类,动作/表情,手部,
拨弄手套,adjusting gloves,人物类,动作/表情,手部,
理头发,adjusting hair,人物类,动作/表情,手部,
整理帽子,adjusting hat,人物类,动作/表情,手部,
掀起自己的衣物,lifted by self,人物类,动作/表情,手部,
拉起掀起卷起衬衫,shirt lift,人物类,动作/表情,手部,
指掀起裙子时形成的篮子形状,skirt basket,人物类,动作/表情,手部,
剥下裙子胸口的部分,dress pull,人物类,动作/表情,手部,
往上剥开的比基尼,bikini lift,人物类,动作/表情,手部,
将裙子掀上去,skirt lift,人物类,动作/表情,手部,
往上掰衣物的吊带,strap lift,人物类,动作/表情,手部,
起风效果|上升气流,wind lift,人物类,动作/表情,手部,
拉着口罩,mask pull,人物类,动作/表情,手部,
拉着裤子,pants pull,人物类,动作/表情,手部,
手抓裆部,crotch grab,人物类,动作/表情,手部,
用手遮住胸部,covering chest by hand,人物类,动作/表情,手部,
捏脸颊,cheek pinching,人物类,动作/表情,手部,
戳脸颊,cheek poking,人物类,动作/表情,手部,
摸下巴,chin stroking,人物类,动作/表情,手部,
展现魅力的姿势,curvy,人物类,动作/表情,手部,
手持辫子,bunching hair,人物类,动作/表情,手部,
张腿,spread legs,人物类,动作/表情,腿部,
两腿并拢,legs together,人物类,动作/表情,腿部,
二郎腿,crossed legs,人物类,动作/表情,腿部,
I字摆腿,standing split leg up,人物类,动作/表情,腿部,
屈膝礼（女仆行礼）,curtsy,人物类,动作/表情,腿部,
双腿之间的手,hand between legs,人物类,动作/表情,腿部,
稍息,open stance,人物类,动作/表情,腿部,
挡住关键部位的腿,convenient leg,人物类,动作/表情,腿部,
V字张腿,spread legs,人物类,动作/表情,腿部,
用双腿夹住,leg lock,人物类,动作/表情,腿部,
双腿抬起,legs up,人物类,动作/表情,腿部,
双腿交叉站姿,watson cross,人物类,动作/表情,腿部,
膝盖合并，两脚分开,knees together feet apart,人物类,动作/表情,腿部,
膝盖上有动物,animal on lap,人物类,动作/表情,腿部,
手放在自己的膝盖上,hand on own knee,人物类,动作/表情,腿部,
顶起膝盖,knee up,人物类,动作/表情,腿部,
膝盖蜷到胸前,knees on chest,人物类,动作/表情,腿部,
膝盖顶到胸部,knees to chest,人物类,动作/表情,腿部,
鸭子坐,wariza,人物类,动作/表情,腿部,
正坐,seiza,人物类,动作/表情,腿部,
跨坐,straddling,人物类,动作/表情,腿部,
侧身坐,yokozuwari,人物类,动作/表情,腿部,
蹲下，张开双腿,"squatting, open legs",人物类,动作/表情,腿部,
一只膝盖,one knee,人物类,动作/表情,腿部,
下跪,kneeling,人物类,动作/表情,腿部,
四肢着地,all fours,人物类,动作/表情,腿部,
凹版姿势,gravure pose,人物类,动作/表情,腿部,
高踢,high kick,人物类,动作/表情,腿部,
泡脚,soaking feet,人物类,动作/表情,腿部,
面向镜头,facing_viewer,人物类,动作/表情,眼神,
看向镜头,looking_at_viewer,人物类,动作/表情,眼神,
眼神接触,eye-contact,人物类,动作/表情,眼神,
盯着看,eyeball,人物类,动作/表情,眼神,
凝视,staring,人物类,动作/表情,眼神,
回眸,looking_back,人物类,动作/表情,眼神,
人物倾斜,gradient,人物类,动作/表情,眼神,
人物视角向下看↘,looking_down,人物类,动作/表情,眼神,
人物视角抬头看↗,looking_up,人物类,动作/表情,眼神,
面向别处,facing_away,人物类,动作/表情,眼神,
看向侧面,looking_to_the_side,人物类,动作/表情,眼神,
看着别处,looking_away,人物类,动作/表情,眼神,
遥望,looking_afar,人物类,动作/表情,眼神,
向外看,looking_outside,人物类,动作/表情,眼神,
歪头,head_tilt,人物类,动作/表情,眼神,
低头,head_down,人物类,动作/表情,眼神,
照镜子,looking_at_mirror,人物类,动作/表情,眼神,
微笑,smile,人物类,动作/表情,表情,正面情绪
善良的微笑,kind smile,人物类,动作/表情,表情,正面情绪
大笑,laughing,人物类,动作/表情,表情,正面情绪
开心,happy,人物类,动作/表情,表情,正面情绪
露齿咧嘴笑,grin,人物类,动作/表情,表情,正面情绪
咧嘴傻笑,teasing smile,人物类,动作/表情,表情,正面情绪
魅惑的微笑,seductive smile,人物类,动作/表情,表情,正面情绪
自鸣得意的笑,smirk,人物类,动作/表情,表情,正面情绪
咯咯傻笑,giggling,人物类,动作/表情,表情,正面情绪
洋洋得意,smug,人物类,动作/表情,表情,正面情绪
调皮的脸,naughty face,人物类,动作/表情,表情,正面情绪
邪恶笑,evil smile,人物类,动作/表情,表情,正面情绪
疯狂的笑,crazy smile,人物类,动作/表情,表情,正面情绪
快乐|幸福,happy,人物类,动作/表情,表情,正面情绪
生日快乐,happy birthday,人物类,动作/表情,表情,正面情绪
万圣节快乐,happy halloween,人物类,动作/表情,表情,正面情绪
新年快乐,happy new year,人物类,动作/表情,表情,正面情绪
开心的眼泪,happy tears,人物类,动作/表情,表情,正面情绪
情人节快乐,happy valentine,人物类,动作/表情,表情,正面情绪
阿黑颜,ahegao,人物类,动作/表情,表情,负面情绪
忍耐的表情,endured face,人物类,动作/表情,表情,负面情绪
忍耐,restrained,人物类,动作/表情,表情,负面情绪
黑化的,dark persona,人物类,动作/表情,表情,负面情绪
疯狂的,crazy,人物类,动作/表情,表情,负面情绪
筋疲力尽的,exhausted,人物类,动作/表情,表情,负面情绪
傲娇,Tsundere,人物类,动作/表情,表情,负面情绪
病娇,yandere,人物类,动作/表情,表情,负面情绪
多重人格,multiple persona,人物类,动作/表情,表情,负面情绪
颤抖,trembling,人物类,动作/表情,表情,负面情绪
翻白眼(高潮眼）,rolling eyes,人物类,动作/表情,表情,负面情绪
嫉妒,envy,人物类,动作/表情,表情,负面情绪
绝顶,female orgasm,人物类,动作/表情,表情,负面情绪
重呼吸,heavy breathing,人物类,动作/表情,表情,负面情绪
淘气,naughty,人物类,动作/表情,表情,负面情绪
呻吟,moaning,人物类,动作/表情,表情,负面情绪
嫌弃的眼神,scowl,人物类,动作/表情,表情,负面情绪
轻蔑,disdain,人物类,动作/表情,表情,负面情绪
蔑视,contempt,人物类,动作/表情,表情,负面情绪
脸上有阴影，配合蔑视,shaded face,人物类,动作/表情,表情,负面情绪
鄙夷的眼神,jitome,人物类,动作/表情,表情,负面情绪
皱眉/蹙额,wince,人物类,动作/表情,表情,负面情绪
眉头紧锁,furrowed brow,人物类,动作/表情,表情,负面情绪
害怕侧目,fear kubrick,人物类,动作/表情,表情,负面情绪
扬起眉毛,raised eyebrows,人物类,动作/表情,表情,负面情绪
邪恶的,evil,人物类,动作/表情,表情,负面情绪
生闷气,sulking,人物类,动作/表情,表情,负面情绪
尖叫,screaming,人物类,动作/表情,表情,负面情绪
喊叫,shouting,人物类,动作/表情,表情,负面情绪
生气的,angry,人物类,动作/表情,表情,负面情绪
惹恼,annoy,人物类,动作/表情,表情,负面情绪
怒目而视,glaring,人物类,动作/表情,表情,负面情绪
严肃的,serious,人物类,动作/表情,表情,负面情绪
侧头瞪着你,kubrick stare,人物类,动作/表情,表情,负面情绪
伤心,sad,人物类,动作/表情,表情,负面情绪
啜泣,tear,人物类,动作/表情,表情,负面情绪
大哭,crying,人物类,动作/表情,表情,负面情绪
泪如雨下,streaming tears,人物类,动作/表情,表情,负面情绪
睁着眼睛哭,crying with eyes open,人物类,动作/表情,表情,负面情绪
流泪,streaming tears,人物类,动作/表情,表情,负面情绪
泪珠,teardrop,人物类,动作/表情,表情,负面情绪
撕破衣服,tearing clothes,人物类,动作/表情,表情,负面情绪
要哭的表情,tearing up,人物类,动作/表情,表情,负面情绪
眼泪,tears,人物类,动作/表情,表情,负面情绪
擦眼泪,wiping tears,人物类,动作/表情,表情,负面情绪
心情不好,badmood,人物类,动作/表情,表情,负面情绪
不开心的,unamused,人物类,动作/表情,表情,负面情绪
沮丧,frustrated,人物类,动作/表情,表情,负面情绪
沮丧的眉头,frustrated brow,人物类,动作/表情,表情,负面情绪
苦恼的,annoyed,人物类,动作/表情,表情,负面情绪
苦闷,anguish,人物类,动作/表情,表情,负面情绪
叹气,sigh,人物类,动作/表情,表情,负面情绪
忧郁的,gloom,人物类,动作/表情,表情,负面情绪
失望的,disappointed,人物类,动作/表情,表情,负面情绪
绝望,despair,人物类,动作/表情,表情,负面情绪
疼痛,pain,人物类,动作/表情,表情,负面情绪
面无表情,embarrass,人物类,动作/表情,表情,其他
困乏的,sleepy,人物类,动作/表情,表情,其他
喝醉的,drunk,人物类,动作/表情,表情,其他
无聊的,bored,人物类,动作/表情,表情,其他
使困惑,confused,人物类,动作/表情,表情,其他
思考,thinking,人物类,动作/表情,表情,其他
孤独,lonely,人物类,动作/表情,表情,其他
决心的，坚定的,determined,人物类,动作/表情,表情,其他
阴沉脸,shaded,人物类,动作/表情,表情,其他
阴影,shadow,人物类,动作/表情,表情,其他
凝视|盯,staring,人物类,动作/表情,表情,其他
咬紧牙关,clenched teeth,人物类,动作/表情,表情,其他
露出虎牙|露出尖牙,fang out,人物类,动作/表情,表情,其他
尖牙,fangs,人物类,动作/表情,表情,其他
鲨鱼牙|锯齿牙,sharp teeth,人物类,动作/表情,表情,其他
慌张的,flustered,人物类,动作/表情,表情,其他
流汗,sweat,人物类,动作/表情,表情,其他
害怕的,scared,人物类,动作/表情,表情,其他
轻微脸红,light  blush,人物类,动作/表情,表情,其他
脸红,blush,人物类,动作/表情,表情,其他
害羞的,shy,人物类,动作/表情,表情,其他
害羞的(尴尬的),embarrass,人物类,动作/表情,表情,其他
紧张的,nervous,人物类,动作/表情,表情,其他
捂脸,facepalm,人物类,动作/表情,表情,其他
张嘴,open mouth,人物类,动作/表情,表情,嘴型
喘气（张大嘴）,gasping,人物类,动作/表情,表情,嘴型
嘴巴微微张开,Slightly open mouth,人物类,动作/表情,表情,嘴型
波浪嘴,wavy mouth,人物类,动作/表情,表情,嘴型
闭嘴,close mouth,人物类,动作/表情,表情,嘴型
点嘴,dot mouth,人物类,动作/表情,表情,嘴型
堵嘴,gag,人物类,动作/表情,表情,嘴型
啃,gnaw,人物类,动作/表情,表情,嘴型
努嘴,pout,人物类,动作/表情,表情,嘴型
嘴唇张开,parted lips,人物类,动作/表情,表情,嘴型
吃惊,surprised,人物类,动作/表情,表情,嘴型
勒住嘴,bit gag,人物类,动作/表情,表情,嘴型
栗子嘴,chestnut mouth,人物类,动作/表情,表情,嘴型
被封住嘴,cleave gag,人物类,动作/表情,表情,嘴型
闭着的嘴,closed mouth,人物类,动作/表情,表情,嘴型
蒙住的嘴,covered mouth,人物类,动作/表情,表情,嘴型
嘴里有头发,hair in mouth,人物类,动作/表情,表情,嘴型
嘟嘴|抿嘴,homu,人物类,动作/表情,表情,嘴型
用嘴叼着,mouth hold,人物类,动作/表情,表情,嘴型
张开的嘴唇,parted lips,人物类,动作/表情,表情,嘴型
撅起的嘴唇,puckered lips,人物类,动作/表情,表情,嘴型
把嘴画在侧脸,sideways mouth,人物类,动作/表情,表情,嘴型
嘴里含着勺子,spoon in mouth,人物类,动作/表情,表情,嘴型
三角嘴,triangle mouth,人物类,动作/表情,表情,嘴型
唾液,saliva,人物类,动作/表情,表情,嘴型
流口水,drooling,人物类,动作/表情,表情,嘴型
嘴角画着口水滴形状的缺口,mouth drool,人物类,动作/表情,表情,嘴型
翅膀,wings,人物类,道具,翅膀,
蝙蝠翅膀,bat wings,人物类,道具,翅膀,
天使翅膀,feathered wings,人物类,道具,翅膀,
恶魔翅膀,demon wings,人物类,道具,翅膀,
蝴蝶翅膀,butterfly wings,人物类,道具,翅膀,
冰纹理翅膀,ice crystal texture wings,人物类,道具,翅膀,
龙翅膀,dragon wings,人物类,道具,翅膀,
妖精翅膀,fairy wings,人物类,道具,翅膀,
假翅膀,fake wings,人物类,道具,翅膀,
头上翅膀,head wings,人物类,道具,翅膀,
低位翅膀,low wings,人物类,道具,翅膀,
迷你翅膀,mini wings,人物类,道具,翅膀,
分离的翅膀,detached wings,人物类,道具,翅膀,
尾巴,tail,人物类,道具,尾巴,
兔尾,bunny tail,人物类,道具,尾巴,
猫尾,cat tail,人物类,道具,尾巴,
狗尾,dog tail,人物类,道具,尾巴,
鼠尾,mouse tail,人物类,道具,尾巴,
狐狸尾,fox tail,人物类,道具,尾巴,
老虎尾,tiger tail,人物类,道具,尾巴,
松鼠尾,squirrel tail,人物类,道具,尾巴,
狼尾,wolf tail,人物类,道具,尾巴,
龙尾,dragon tail,人物类,道具,尾巴,
马尾巴,horse tail,人物类,道具,尾巴,
浣熊尾,raccoon tail,人物类,道具,尾巴,
牛尾,cow tail,人物类,道具,尾巴,
恶魔尾巴,demon tail,人物类,道具,尾巴,
兽耳,animal ears,人物类,道具,耳朵,
蝙蝠耳,bat ears,人物类,道具,耳朵,
猫耳,cat ears,人物类,道具,耳朵,
狗耳,dog ears,人物类,道具,耳朵,
狐耳,fox ears,人物类,道具,耳朵,
兔耳,bunny ears,人物类,道具,耳朵,
浣熊耳,raccoon ears,人物类,道具,耳朵,
老鼠耳,mouse ears,人物类,道具,耳朵,
松鼠耳,squirrel ears,人物类,道具,耳朵,
熊耳,bear ears,人物类,道具,耳朵,
虎耳,tiger ears,人物类,道具,耳朵,
狼耳,wolf ears,人物类,道具,耳朵,
马耳,horse ears,人物类,道具,耳朵,
牛耳,cow ears,人物类,道具,耳朵,
羊耳,sheep ears,人物类,道具,耳朵,
山羊耳,goat ears,人物类,道具,耳朵,
狮耳,lion ears,人物类,道具,耳朵,
熊猫耳,panda ears,人物类,道具,耳朵,
鹿耳,deer ears,人物类,道具,耳朵,
猴耳,monkey ears,人物类,道具,耳朵,
猪耳,pig ears,人物类,道具,耳朵,
鼬耳,ferret ears,人物类,道具,耳朵,
羊驼耳,alpaca ears,人物类,道具,耳朵,
尖耳,pointy ears,人物类,道具,耳朵,
长尖耳,long pointy ears,人物类,道具,耳朵,
垂耳,floppy ears,人物类,道具,耳朵,
山羊角,goat horns,人物类,道具,角,
羊角,sheep horns,人物类,道具,角,
机械角,mechanical horns,人物类,道具,角,
奶牛角,cow horns,人物类,道具,角,
恶魔之角,demon horns,人物类,道具,角,
断角,broken horn,人物类,道具,角,
龙之角,dragon horns,人物类,道具,角,
大海,ocean,场景,自然,,
海滩,beach,场景,自然,,
湖泊,lake,场景,自然,,
瀑布,waterfall,场景,自然,,
夜空,night_sky,场景,自然,,
星空,starry_sky,场景,自然,,
星云,nebula,场景,自然,,
超级银河,hyper_galaxy,场景,自然,,
星星轨迹,star_trail,场景,自然,,
落日,sunset,场景,自然,,
月亮,moon,场景,自然,,
月牙,crescent,场景,自然,,
新月,crescent_moon,场景,自然,,
满月,full_moon,场景,自然,,
月光,moonlight,场景,自然,,
猩红月亮,scarlet_moon,场景,自然,,
宇宙,universe,场景,自然,,
太空,space,场景,自然,,
星球,planet,场景,自然,,
地平线,horizon,场景,自然,,
多山的地平线,mountainous horizon,场景,自然,,
牧场,pasture,场景,自然,,
高原,plateau,场景,自然,,
花园,garden,场景,自然,,
田园,fields,场景,自然,,
浮岛,floating_island,场景,自然,,
森林,forest,场景,自然,,
草原,grasslands,场景,自然,,
花田,flower field,场景,自然,,
花海,flower ocean,场景,自然,,
火山,volcano,场景,自然,,
悬崖,cliff,场景,自然,,
雪山,snowy mountain,场景,自然,,
春,spring,场景,自然,,
秋,autumn,场景,自然,,
冬,winter,场景,自然,,
夏,summer,场景,自然,,
公园,park,场景,室外,,
吊架；秋千,Trapeze,场景,室外,,
面包店,bakery,场景,室外,,
咖啡厅,cafe,场景,室外,,
植物园,greenhouse,场景,室外,,
城堡,castle,场景,室外,,
竞技场,arena,场景,室外,,
礼堂,Auditorium,场景,室外,,
音乐会,concert,场景,室外,,
书店,bookstore,场景,室外,,
日本旅馆,Japanese_hotel,场景,室外,,
监狱酒吧,jail_bars,场景,室外,,
在电影院里,in_the_movie_theatre,场景,室外,,
舞台,stage,场景,室外,,
港口,harbor,场景,室外,,
赌场,casino,场景,室外,,
台球桌,billiard,场景,室外,,
地牢,dungeon,场景,室外,,
坟墓,grave,场景,室外,,
泰姬陵,Taj_Mahal,场景,室外,,
马丘比丘,Machu_Picchu,场景,室外,,
明石海峡大桥,Akashi_Kaikyo_Bridge,场景,室外,,
东京天空树,Skytree,场景,室外,,
富士山,Fuji_Mountain,场景,室外,,
东京塔,Tokyo_Tower,场景,室外,,
伏见稻荷,fushimi_inari,场景,室外,,
大峡谷,grand_canyon,场景,室外,,
长城,great_wall_of_china,场景,室外,,
希腊_圣托里尼,santorini,场景,室外,,
意大利_威尼斯,venice,场景,室外,,
铁路,railway,场景,室外,,
天际线,city,场景,城市,,
城市风景,cityscape,场景,城市,,
街道,street,场景,城市,,
市中心,downtown,场景,城市,,
人群,crowd,场景,城市,,
小巷,alleyway,场景,城市,,
大道,in_main_street,场景,城市,,
路口,Intersection,场景,城市,,
草坪,lawn,场景,城市,,
路径,path,场景,城市,,
路面,pavement,场景,城市,,
路标,road_sign,场景,城市,,
路障,traffic_cone,场景,城市,,
路灯,lamppost,场景,城市,,
灯柱,lamppost,场景,城市,,
电线杆和电线,power_lines,场景,城市,,
长凳,bench,场景,城市,,
自动贩卖机,vending_machine,场景,城市,,
摩天楼,Skyscraper,场景,城市,,
建筑,magnificent_architecture,场景,建筑,,
摩天楼,Skyscraper,场景,建筑,,
东亚建筑,east_asian_architecture,场景,建筑,,
鸟居/牌坊,torii,场景,建筑,,
大教堂,cathedral,场景,建筑,,
中式阁楼,chinese_style_loft,场景,建筑,,
传统中式客房,traditional_chinese_room,场景,建筑,,
城堡,castle,场景,建筑,,
塔楼,turret,场景,建筑,,
清真寺,mosque,场景,建筑,,
水库,reservoir,场景,建筑,,
铁路,railway,场景,建筑,,
桥,bridge,场景,建筑,,
桥下,under_bridge,场景,建筑,,
遗迹,ruins,场景,建筑,,
废墟堆,remains,场景,建筑,,
建筑废墟,rubble_ruins,场景,建筑,,
室内泳池,indoor pool,场景,室内装饰,,
混合控制台,mixing_console,场景,室内装饰,,
汽车驾驶室内,"car_seat,_seatbelt",场景,室内装饰,,
更衣室,locker_room,场景,室内装饰,,
在泳池边,poolside,场景,室内装饰,,
洗衣店,on laundry,场景,室内装饰,,
在房间内,in the room,场景,室内装饰,,
研究所,on laboratory,场景,室内装饰,,
灯笼环境,lantern_floating,场景,室内装饰,,
豪华房间内,mansion,场景,室内装饰,,
厕所里,on toilet,场景,室内装饰,,
在床上,on_bed,场景,室内装饰,,
在沙发上,on_couch,场景,室内装饰,,
在桌子上,on_desk,场景,室内装饰,,
在巴士内,on_the_bus,场景,室内装饰,,
电车内,on_the_train,场景,室内装饰,,
咖啡厅,cafe,场景,室内装饰,,
居酒屋,Izakaya,场景,室内装饰,,
宴会,banquet,场景,室内装饰,,
木质地板,tile_floor,场景,室内装饰,,
榻榻米,tatami,场景,室内装饰,,
床,bed,场景,室内装饰,,
沙发,safa,场景,室内装饰,,
被炉,kotatsu,场景,室内装饰,,
壁炉,fireplace,场景,室内装饰,,
窗,window,场景,室内装饰,,
窗帘,curtains,场景,室内装饰,,
门,door,场景,室内装饰,,
推拉门,sliding_doors,场景,室内装饰,,
衣架,clothes_rack,场景,室内装饰,,
空调,air_conditioner,场景,室内装饰,,
床单,bed_sheet,场景,室内装饰,,
床垫,futon,场景,室内装饰,,
坐垫,cushion,场景,室内装饰,,
抱枕,pillow_hug,场景,室内装饰,,
毛绒兔子,stuffed_bunny,场景,室内装饰,,
小熊,koakuma,场景,室内装饰,,
单色背景,monochrome_background,场景,背景,,
简单的背景,simple_background,场景,背景,,
无背景|平铺的背景,flats,场景,背景,,
黑色背景,black_background,场景,背景,,
白色背景,white_background,场景,背景,,
透明背景,transparent_background,场景,背景,,
米色背景,beige_background,场景,背景,,
棕色背景,brown_background,场景,背景,,
棕褐色背景,tan_background,场景,背景,,
灰色背景,grey_background,场景,背景,,
双色调背景,two-tone_background,场景,背景,,
渐变的背景,gradient_background,场景,背景,,
多彩的背景,multicolored_background,场景,背景,,
彩虹背景,rainbow_background,场景,背景,,
抽象背景,abstract_background,场景,背景,,
菱形背景,argyle_background,场景,背景,,
方格背景,checkered_background,场景,背景,,
花朵点缀的背景,floral_background,场景,背景,,
网点图背景,halftone_background,场景,背景,,
桃色背景,heart_background,场景,背景,,
蜂窝风格背景,honeycomb_background,场景,背景,,
格子呢背景,plaid_background,场景,背景,,
圆斑背景,striped_background,场景,背景,,
黄石国家公园,yellowstone national park,场景,自然景观,,
大峡谷,grand canyon,场景,自然景观,,
珠穆朗玛峰,mount everest,场景,自然景观,,
大堡礁,great barrier reef,场景,自然景观,,
撒哈拉沙漠,sahara desert,场景,自然景观,,
亚马逊雨林,amazon rainforest,场景,自然景观,,
伊瓜苏大瀑布,iguazu falls,场景,自然景观,,
维多利亚瀑布,victoria falls,场景,自然景观,,
死海,dead sea,场景,自然景观,,
科莫多国家公园,komodo national park,场景,自然景观,,
加拉帕戈斯群岛,galapagos islands,场景,自然景观,,
乞力马扎罗山,mount kilimanjaro,场景,自然景观,,
诺罗威国家公园,norwegian fjords,场景,自然景观,,
巴厘岛,bali,场景,自然景观,,
安第斯山脉,andes,场景,自然景观,,
摩洛哥蓝色小镇,chefchaouen,场景,自然景观,,
澳大利亚珊瑚海,coral sea,场景,自然景观,,
阿尔卑斯山,alps,场景,自然景观,,
巴塔哥尼亚,patagonia,场景,自然景观,,
哈里森湖洞穴,harrison's cave,场景,自然景观,,
泰姬陵,taj mahal,场景,自然景观,,
尼亚加拉大瀑布,niagara falls,场景,自然景观,,
极光,aurora borealis,场景,自然景观,,
喜马拉雅山脉,himalayas,场景,自然景观,,
乌鲁鲁,uluru,场景,自然景观,,
黄金海岸,gold coast,场景,自然景观,,
马尔代夫,maldives,场景,自然景观,,
马丘比丘,machu picchu,场景,自然景观,,
塞尔维亚的德里纳河,drina river,场景,自然景观,,
万里长城,great wall of china,场景,人造景观,,
自由女神像,statue of liberty,场景,人造景观,,
埃菲尔铁塔,eiffel tower,场景,人造景观,,
大本钟,big ben,场景,人造景观,,
白金汉宫,buckingham palace,场景,人造景观,,
圣彼得大教堂,st. peter's basilica,场景,人造景观,,
金门桥,golden gate bridge,场景,人造景观,,
古罗马斗兽场,colosseum,场景,人造景观,,
悉尼歌剧院,sydney opera house,场景,人造景观,,
伦敦眼,london eye,场景,人造景观,,
克里姆林宫,kremlin,场景,人造景观,,
红场,red square,场景,人造景观,,
莫斯科圣瓦西里大教堂,saint basil's cathedral,场景,人造景观,,
比萨斜塔,leaning tower of pisa,场景,人造景观,,
卢浮宫,louvre,场景,人造景观,,
凡尔赛宫,palace of versailles,场景,人造景观,,
尼斯湖,loch ness,场景,人造景观,,
圣保罗大教堂,st. paul's cathedral,场景,人造景观,,
埃德蒙顿购物中心,west edmonton mall,场景,人造景观,,
布拉格城堡,prague castle,场景,人造景观,,
新天鹅堡,neuschwanstein castle,场景,人造景观,,
泰姬陵,taj mahal,场景,人造景观,,
马丘比丘,machu picchu,场景,人造景观,,
克里斯特救世像,christ the redeemer,场景,人造景观,,
巴比伦空中花园,hanging gardens of babylon,场景,人造景观,,
亚历山大灯塔,lighthouse of alexandria,场景,人造景观,,
宙斯神庙,temple of artemis,场景,人造景观,,
摩洛哥蓝色小镇,chefchaouen,场景,人造景观,,
阿尔罕布拉宫,alhambra,场景,人造景观,,
佩特拉古城,petra,场景,人造景观,,
布拉格天文钟,prague astronomical clock,场景,人造景观,,
春秋战国时期的秦始皇兵马俑,terracotta army,场景,人造景观,,
埃及金字塔,egyptian pyramids,场景,人造景观,,
吉萨大金字塔,great pyramid of giza,场景,人造景观,,
斯芬克斯,sphinx,场景,人造景观,,
巴黎圣母院,notre-dame de paris,场景,人造景观,,
威尼斯水城,venice,场景,人造景观,,
阿姆斯特丹运河,amsterdam canals,场景,人造景观,,
巴塞罗那圣家堂,sagrada familia,场景,人造景观,,
米兰大教堂,milan cathedral,场景,人造景观,,
维也纳国家歌剧院,vienna state opera,场景,人造景观,,
比利时布鲁日的布鲁日广场,markt square bruges,场景,人造景观,,
荷兰风车,dutch windmills,场景,人造景观,,
巴塞罗那哥特区,gothic quarter barcelona,场景,人造景观,,
佛罗伦萨大教堂,florence cathedral,场景,人造景观,,
慕尼黑啤酒节,oktoberfest munich,场景,人造景观,,
巴拿马运河,panama canal,场景,人造景观,,
好莱坞标志,hollywood sign,场景,人造景观,,
帝国大厦,empire state building,场景,人造景观,,
自然历史博物馆,natural history museum,场景,人造景观,,
史密森尼博物馆,smithsonian museum,场景,人造景观,,
卢浮宫金字塔,louvre pyramid,场景,人造景观,,
迪士尼乐园,disneyland,场景,人造景观,,
百老汇,broadway,场景,人造景观,,
时代广场,times square,场景,人造景观,,
拉斯维加斯大道,las vegas strip,场景,人造景观,,
旧金山唐人街,chinatown san francisco,场景,人造景观,,
尼亚加拉瀑布,niagara falls,场景,人造景观,,
肯辛顿宫,kensington palace,场景,人造景观,,
伦敦塔桥,tower bridge,场景,人造景观,,
圣马可广场,st. mark's square,场景,人造景观,,
